,predict
0,3.1846232414245605
1,3.6429195404052734
2,3.1846232414245605
3,3.6429195404052734
4,3.1846232414245605
5,3.1846232414245605
6,3.6429195404052734
7,3.1846232414245605
8,3.1846232414245605
9,3.1846232414245605
10,3.1846232414245605
11,3.1846232414245605
12,3.6429195404052734
13,3.6429195404052734
14,3.1846232414245605
15,3.1846232414245605
16,3.1846232414245605
17,3.1846232414245605
18,3.1846232414245605
19,3.1846232414245605
20,3.6429195404052734
21,3.6429195404052734
22,3.1846232414245605
23,3.6429195404052734
24,3.6429195404052734
25,3.1846232414245605
26,3.1846232414245605
27,3.1846232414245605
28,3.1846232414245605
29,3.1846232414245605
30,3.6429195404052734
31,3.1846232414245605
32,3.6429195404052734
33,3.1846232414245605
34,3.1846232414245605
35,3.6429195404052734
36,3.1846232414245605
37,3.1846232414245605
38,3.1846232414245605
39,3.1846232414245605
40,3.1846232414245605
41,3.1846232414245605
42,3.1846232414245605
43,3.1846232414245605
44,3.1846232414245605
45,3.1846232414245605
46,3.1846232414245605
47,3.1846232414245605
48,3.1846232414245605
49,3.1846232414245605
50,3.1846232414245605
51,3.1846232414245605
52,3.6429195404052734
53,3.1846232414245605
54,3.1846232414245605
55,3.1846232414245605
56,3.1846232414245605
57,3.1846232414245605
58,3.1846232414245605
59,3.1846232414245605
60,3.1846232414245605
61,3.1846232414245605
62,3.1846232414245605
63,3.1846232414245605
64,3.1846232414245605
65,3.1846232414245605
66,3.1846232414245605
67,3.1846232414245605
68,3.6429195404052734
69,3.1846232414245605
70,3.1846232414245605
71,3.1846232414245605
72,3.1846232414245605
73,3.1846232414245605
74,3.1846232414245605
75,3.1846232414245605
76,3.1846232414245605
77,3.1846232414245605
78,3.1846232414245605
79,3.1846232414245605
80,3.6429195404052734
81,3.6429195404052734
82,3.6429195404052734
83,3.6429195404052734
84,3.6429195404052734
85,3.6429195404052734
86,3.6429195404052734
87,3.6429195404052734
88,3.6429195404052734
89,3.6429195404052734
90,3.6429195404052734
91,3.6429195404052734
92,3.6429195404052734
93,3.6429195404052734
94,3.6429195404052734
95,3.6429195404052734
96,3.6429195404052734
97,3.6429195404052734
98,3.6429195404052734
99,3.6429195404052734
100,3.6429195404052734
101,3.6429195404052734
102,3.6429195404052734
103,3.6429195404052734
104,3.6429195404052734
105,3.6429195404052734
106,3.6429195404052734
107,3.6429195404052734
108,3.6429195404052734
109,3.6429195404052734
110,3.6429195404052734
111,3.6429195404052734
112,3.6429195404052734
113,3.6429195404052734
114,3.6429195404052734
115,3.6429195404052734
116,3.6429195404052734
117,3.6429195404052734
118,3.6429195404052734
119,3.6429195404052734
120,3.1846232414245605
121,3.6429195404052734
122,3.6429195404052734
123,3.1846232414245605
124,3.1846232414245605
125,3.1846232414245605
126,3.1846232414245605
127,3.1846232414245605
128,3.1846232414245605
129,3.1846232414245605
130,3.1846232414245605
131,3.1846232414245605
132,3.1846232414245605
133,3.1846232414245605
134,3.1846232414245605
135,3.1846232414245605
136,3.1846232414245605
137,3.1846232414245605
138,3.1846232414245605
139,3.1846232414245605
140,3.1846232414245605
141,3.1846232414245605
142,3.1846232414245605
143,3.1846232414245605
144,3.1846232414245605
145,3.1846232414245605
146,3.1846232414245605
147,3.1846232414245605
148,3.1846232414245605
149,3.1846232414245605
150,3.1846232414245605
151,3.1846232414245605
152,3.1846232414245605
153,3.1846232414245605
154,3.1846232414245605
155,3.1846232414245605
156,3.1846232414245605
157,3.1846232414245605
158,3.1846232414245605
159,3.1846232414245605
160,3.1846232414245605
161,3.1846232414245605
162,3.1846232414245605
163,3.1846232414245605
164,3.1846232414245605
165,3.1846232414245605
166,3.1846232414245605
167,3.1846232414245605
168,3.1846232414245605
169,3.1846232414245605
170,3.1846232414245605
171,3.1846232414245605
172,3.1846232414245605
173,3.1846232414245605
174,3.1846232414245605
175,3.1846232414245605
176,3.1846232414245605
177,3.1846232414245605
178,3.1846232414245605
179,3.1846232414245605
180,3.1846232414245605
181,3.1846232414245605
182,3.1846232414245605
183,3.1846232414245605
184,3.1846232414245605
185,3.1846232414245605
186,3.1846232414245605
187,3.1846232414245605
188,3.1846232414245605
189,3.1846232414245605
190,3.1846232414245605
191,3.1846232414245605
192,3.1846232414245605
193,3.1846232414245605
194,3.1846232414245605
195,3.1846232414245605
196,3.1846232414245605
197,3.1846232414245605
198,3.1846232414245605
199,3.1846232414245605
200,3.1846232414245605
201,3.1846232414245605
202,3.1846232414245605
203,3.1846232414245605
204,3.1846232414245605
205,3.1846232414245605
206,3.1846232414245605
207,3.1846232414245605
208,3.1846232414245605
209,3.1846232414245605
210,3.1846232414245605
211,3.1846232414245605
212,3.1846232414245605
213,3.1846232414245605
214,3.1846232414245605
215,3.1846232414245605
216,3.1846232414245605
217,3.1846232414245605
218,3.1846232414245605
219,3.1846232414245605
220,3.1846232414245605
221,3.1846232414245605
222,3.1846232414245605
223,3.1846232414245605
224,3.1846232414245605
225,3.1846232414245605
226,3.1846232414245605
227,3.1846232414245605
228,3.1846232414245605
229,3.1846232414245605
230,3.1846232414245605
231,3.1846232414245605
232,3.1846232414245605
233,3.1846232414245605
234,3.1846232414245605
235,3.1846232414245605
236,3.1846232414245605
237,3.1846232414245605
238,3.1846232414245605
239,3.6429195404052734
240,3.6429195404052734
241,3.6429195404052734
242,3.1846232414245605
243,3.6429195404052734
244,3.6429195404052734
245,3.6429195404052734
246,3.6429195404052734
247,3.1846232414245605
248,3.6429195404052734
249,3.6429195404052734
250,3.1846232414245605
251,3.6429195404052734
252,3.6429195404052734
253,3.6429195404052734
254,3.6429195404052734
255,3.6429195404052734
256,3.6429195404052734
257,3.6429195404052734
258,3.6429195404052734
259,3.6429195404052734
260,3.6429195404052734
261,3.6429195404052734
262,3.6429195404052734
263,3.6429195404052734
264,3.6429195404052734
265,3.6429195404052734
266,3.6429195404052734
267,3.6429195404052734
268,3.6429195404052734
269,3.6429195404052734
270,3.6429195404052734
271,3.6429195404052734
272,3.6429195404052734
273,3.6429195404052734
274,3.6429195404052734
275,3.6429195404052734
276,3.6429195404052734
277,3.6429195404052734
278,3.6429195404052734
279,3.6429195404052734
280,3.6429195404052734
281,3.6429195404052734
282,3.6429195404052734
283,3.6429195404052734
284,3.1846232414245605
285,3.1846232414245605
286,3.1846232414245605
287,3.6429195404052734
288,3.6429195404052734
289,3.6429195404052734
290,3.6429195404052734
291,3.6429195404052734
292,3.6429195404052734
293,3.6429195404052734
294,3.6429195404052734
295,3.6429195404052734
296,3.6429195404052734
297,3.6429195404052734
298,3.1846232414245605
299,3.1846232414245605
300,3.1846232414245605
301,3.1846232414245605
302,3.6429195404052734
303,3.6429195404052734
304,3.6429195404052734
305,3.1846232414245605
306,3.1846232414245605
307,3.1846232414245605
308,3.1846232414245605
309,3.1846232414245605
310,3.1846232414245605
311,3.252903461456299
312,3.252903461456299
313,3.1846232414245605
314,3.1846232414245605
315,3.1846232414245605
316,3.1846232414245605
317,3.1846232414245605
318,3.1846232414245605
319,3.1846232414245605
320,3.1846232414245605
321,3.1846232414245605
322,3.1846232414245605
323,3.1846232414245605
324,3.6429195404052734
325,3.1846232414245605
326,3.1846232414245605
327,3.1846232414245605
328,3.1846232414245605
329,3.1846232414245605
330,3.1846232414245605
331,3.1846232414245605
332,3.1846232414245605
333,3.1846232414245605
334,3.1846232414245605
335,3.1846232414245605
336,3.6429195404052734
337,3.1846232414245605
338,3.1846232414245605
339,3.1846232414245605
340,3.1846232414245605
341,3.1846232414245605
342,3.1846232414245605
343,3.1846232414245605
344,3.1846232414245605
345,3.1846232414245605
346,3.1846232414245605
347,3.1846232414245605
348,3.1846232414245605
349,3.1846232414245605
350,3.1846232414245605
351,3.1846232414245605
352,3.1846232414245605
353,3.1846232414245605
354,3.1846232414245605
355,3.1846232414245605
356,3.1846232414245605
357,3.1846232414245605
358,3.1846232414245605
359,3.1846232414245605
360,3.1846232414245605
361,3.1846232414245605
362,3.1846232414245605
363,3.1846232414245605
364,3.1846232414245605
365,3.1846232414245605
366,3.1846232414245605
367,3.1846232414245605
368,3.1846232414245605
369,3.1846232414245605
370,3.1846232414245605
371,3.1846232414245605
372,3.1846232414245605
373,3.1846232414245605
374,3.1846232414245605
375,3.1846232414245605
376,3.1846232414245605
377,3.1846232414245605
378,3.1846232414245605
379,3.1846232414245605
380,3.1846232414245605
381,3.1846232414245605
382,3.1846232414245605
383,3.1846232414245605
384,3.1846232414245605
385,3.1846232414245605
386,3.1846232414245605
387,3.1846232414245605
388,3.1846232414245605
389,3.1846232414245605
390,3.1846232414245605
391,3.1846232414245605
392,3.1846232414245605
393,3.1846232414245605
394,3.1846232414245605
395,3.1846232414245605
396,3.1846232414245605
397,3.1846232414245605
398,3.1846232414245605
399,3.1846232414245605
400,3.1846232414245605
401,3.1846232414245605
402,3.1846232414245605
403,3.1846232414245605
404,3.1846232414245605
405,3.1846232414245605
406,3.1846232414245605
407,3.1846232414245605
408,3.1846232414245605
409,3.1846232414245605
410,3.1846232414245605
411,3.1846232414245605
412,3.1846232414245605
413,3.1846232414245605
414,3.1846232414245605
415,3.1846232414245605
416,3.1846232414245605
417,3.1846232414245605
418,3.1846232414245605
419,3.1846232414245605
420,3.1846232414245605
421,3.1846232414245605
422,3.1846232414245605
423,3.1846232414245605
424,3.1846232414245605
425,3.1846232414245605
426,3.1846232414245605
427,3.1846232414245605
428,3.3163514137268066
429,3.1846232414245605
430,3.1846232414245605
431,3.1846232414245605
432,3.1846232414245605
433,3.1846232414245605
434,3.1846232414245605
435,3.1846232414245605
436,3.1846232414245605
437,3.1846232414245605
438,3.1846232414245605
439,3.1846232414245605
440,3.1846232414245605
441,3.1846232414245605
442,3.1846232414245605
443,3.1846232414245605
444,3.1846232414245605
445,3.1846232414245605
446,3.1846232414245605
447,3.1846232414245605
448,3.1846232414245605
449,3.1846232414245605
450,3.1846232414245605
451,3.1846232414245605
452,3.1846232414245605
453,3.1846232414245605
454,3.1846232414245605
455,3.1846232414245605
456,3.1846232414245605
457,3.1846232414245605
458,3.1846232414245605
459,3.1846232414245605
460,3.1846232414245605
461,3.1846232414245605
462,3.1846232414245605
463,3.1846232414245605
464,3.1846232414245605
465,3.1846232414245605
466,3.1846232414245605
467,3.1846232414245605
468,3.1846232414245605
469,3.1846232414245605
470,3.1846232414245605
471,3.1846232414245605
472,3.1846232414245605
473,3.1846232414245605
474,3.1846232414245605
475,3.1846232414245605
476,3.1846232414245605
477,3.1846232414245605
478,3.1846232414245605
479,3.1846232414245605
480,3.1846232414245605
481,3.1846232414245605
482,3.1846232414245605
483,3.1846232414245605
484,3.1846232414245605
485,3.1846232414245605
486,3.1846232414245605
487,3.1846232414245605
488,3.1846232414245605
489,3.1846232414245605
490,3.1846232414245605
491,3.1846232414245605
492,3.1846232414245605
493,3.1846232414245605
494,3.1846232414245605
495,3.1846232414245605
496,3.1846232414245605
497,3.1846232414245605
498,3.6429195404052734
499,3.6429195404052734
500,3.6429195404052734
501,3.1846232414245605
502,3.1846232414245605
503,3.1846232414245605
504,3.1846232414245605
505,3.1846232414245605
506,3.1846232414245605
507,3.1846232414245605
508,3.1846232414245605
509,3.1846232414245605
510,3.1846232414245605
511,3.6429195404052734
512,3.1846232414245605
513,3.1846232414245605
514,3.6429195404052734
515,3.1846232414245605
516,3.6429195404052734
517,3.6429195404052734
518,3.6429195404052734
519,3.6429195404052734
520,3.1846232414245605
521,3.1846232414245605
522,3.1846232414245605
523,3.1846232414245605
524,3.1846232414245605
525,3.6429195404052734
526,3.1846232414245605
527,3.1846232414245605
528,3.1846232414245605
529,3.1846232414245605
530,3.1846232414245605
531,3.1846232414245605
532,3.1846232414245605
533,3.1846232414245605
534,3.1846232414245605
535,3.1846232414245605
536,3.1846232414245605
537,3.1846232414245605
538,3.1846232414245605
539,3.6429195404052734
540,3.6429195404052734
541,3.6429195404052734
542,3.6429195404052734
543,3.1846232414245605
544,3.1846232414245605
545,3.1846232414245605
546,3.6429195404052734
547,3.6429195404052734
548,3.6429195404052734
549,3.1846232414245605
550,3.1846232414245605
551,3.1846232414245605
552,3.1846232414245605
553,3.6429195404052734
554,3.1846232414245605
555,3.1846232414245605
556,3.6429195404052734
557,3.1846232414245605
558,3.1846232414245605
559,3.1846232414245605
560,3.1846232414245605
561,3.1846232414245605
562,3.1846232414245605
563,3.1846232414245605
564,3.1846232414245605
565,3.1846232414245605
566,3.1846232414245605
567,3.1846232414245605
568,3.1846232414245605
569,3.1846232414245605
570,3.1846232414245605
571,3.1846232414245605
572,3.1846232414245605
573,3.1846232414245605
574,3.1846232414245605
575,3.1846232414245605
576,3.1846232414245605
577,3.1846232414245605
578,3.1846232414245605
579,3.1846232414245605
580,3.1846232414245605
581,3.1846232414245605
582,3.1846232414245605
583,3.1846232414245605
584,3.1846232414245605
585,3.1846232414245605
586,3.1846232414245605
587,3.1846232414245605
588,3.1846232414245605
589,3.1846232414245605
590,3.1846232414245605
591,3.1846232414245605
592,3.1846232414245605
593,3.1846232414245605
594,3.1846232414245605
595,3.1846232414245605
596,3.1846232414245605
597,3.1846232414245605
598,3.1846232414245605
599,3.1846232414245605
600,3.1846232414245605
601,3.1846232414245605
602,3.1846232414245605
603,3.1846232414245605
604,3.1846232414245605
605,3.1846232414245605
606,3.1846232414245605
607,3.1846232414245605
608,3.1846232414245605
609,3.1846232414245605
610,3.1846232414245605
611,3.1846232414245605
612,3.1846232414245605
613,3.1846232414245605
614,3.1846232414245605
615,3.1846232414245605
616,3.1846232414245605
617,3.1846232414245605
618,3.1846232414245605
619,3.1846232414245605
620,3.1846232414245605
621,3.1846232414245605
622,3.1846232414245605
623,3.1846232414245605
624,3.1846232414245605
625,3.1846232414245605
626,3.6429195404052734
627,3.1846232414245605
628,3.1846232414245605
629,3.1846232414245605
630,3.1846232414245605
631,3.1846232414245605
632,3.1846232414245605
633,3.1846232414245605
634,3.2388319969177246
635,3.1846232414245605
636,3.1846232414245605
637,3.1846232414245605
638,3.252903461456299
639,3.252903461456299
640,3.252903461456299
641,3.252903461456299
642,3.252903461456299
643,3.252903461456299
644,3.252903461456299
645,3.252903461456299
646,3.252903461456299
647,3.252903461456299
648,3.252903461456299
649,3.252903461456299
650,3.252903461456299
651,3.252903461456299
652,3.252903461456299
653,3.252903461456299
654,3.252903461456299
655,3.252903461456299
656,3.252903461456299
657,3.252903461456299
658,4.585568904876709
659,3.252903461456299
660,3.252903461456299
661,3.252903461456299
662,3.252903461456299
663,3.252903461456299
664,4.585568904876709
665,3.252903461456299
666,3.252903461456299
667,3.252903461456299
668,3.252903461456299
669,3.252903461456299
670,2.866675853729248
671,3.252903461456299
672,3.252903461456299
673,3.252903461456299
674,3.252903461456299
675,2.866675853729248
676,3.252903461456299
677,3.252903461456299
678,3.252903461456299
679,3.252903461456299
680,3.252903461456299
681,3.252903461456299
682,3.252903461456299
683,3.252903461456299
684,3.252903461456299
685,3.252903461456299
686,3.252903461456299
687,3.252903461456299
688,3.252903461456299
689,3.252903461456299
690,3.252903461456299
691,3.252903461456299
692,3.252903461456299
693,3.252903461456299
694,3.252903461456299
695,3.252903461456299
696,3.252903461456299
697,3.252903461456299
698,3.252903461456299
699,3.252903461456299
700,3.252903461456299
701,3.252903461456299
702,3.252903461456299
703,3.252903461456299
704,3.252903461456299
705,3.252903461456299
706,3.252903461456299
707,3.252903461456299
708,3.252903461456299
709,3.252903461456299
710,3.252903461456299
711,3.252903461456299
712,3.252903461456299
713,3.252903461456299
714,3.252903461456299
715,3.252903461456299
716,3.252903461456299
717,3.252903461456299
718,3.252903461456299
719,3.252903461456299
720,3.252903461456299
721,3.252903461456299
722,3.252903461456299
723,3.252903461456299
724,3.252903461456299
725,3.252903461456299
726,3.252903461456299
727,4.585568904876709
728,3.252903461456299
729,3.252903461456299
730,3.252903461456299
731,3.252903461456299
732,3.252903461456299
733,3.252903461456299
734,3.252903461456299
735,3.252903461456299
736,3.252903461456299
737,3.252903461456299
738,3.252903461456299
739,3.6429195404052734
740,3.252903461456299
741,3.252903461456299
742,3.252903461456299
743,3.252903461456299
744,3.252903461456299
745,3.252903461456299
746,3.252903461456299
747,3.252903461456299
748,3.252903461456299
749,3.252903461456299
750,3.252903461456299
751,3.252903461456299
752,3.252903461456299
753,4.585568904876709
754,4.585568904876709
755,3.6429195404052734
756,3.252903461456299
757,3.6429195404052734
758,3.252903461456299
759,3.252903461456299
760,3.252903461456299
761,3.252903461456299
762,3.252903461456299
763,3.252903461456299
764,3.252903461456299
765,3.252903461456299
766,3.252903461456299
767,3.357804298400879
768,3.252903461456299
769,3.252903461456299
770,3.252903461456299
771,3.252903461456299
772,4.585568904876709
773,3.252903461456299
774,3.252903461456299
775,4.451062202453613
776,3.252903461456299
777,3.252903461456299
778,4.641974449157715
779,3.252903461456299
780,3.252903461456299
781,3.252903461456299
782,3.252903461456299
783,3.252903461456299
784,3.252903461456299
785,4.641974449157715
786,3.252903461456299
787,4.641974449157715
788,3.252903461456299
789,3.252903461456299
790,3.252903461456299
791,3.252903461456299
792,3.252903461456299
793,3.252903461456299
794,3.6429195404052734
795,3.252903461456299
796,3.252903461456299
797,3.252903461456299
798,3.252903461456299
799,3.252903461456299
800,3.252903461456299
801,3.252903461456299
802,3.252903461456299
803,3.6429195404052734
804,3.6429195404052734
805,3.6429195404052734
806,3.6429195404052734
807,3.6429195404052734
808,3.252903461456299
809,3.252903461456299
810,3.6429195404052734
811,3.252903461456299
812,3.252903461456299
813,3.252903461456299
814,3.252903461456299
815,3.252903461456299
816,3.252903461456299
817,3.252903461456299
818,3.252903461456299
819,3.252903461456299
820,3.2369513511657715
821,3.252903461456299
822,3.252903461456299
823,3.6429195404052734
824,3.6429195404052734
825,3.252903461456299
826,3.252903461456299
827,3.252903461456299
828,3.252903461456299
829,3.252903461456299
830,3.252903461456299
831,3.6429195404052734
832,3.2369513511657715
833,3.252903461456299
834,3.252903461456299
835,3.6429195404052734
836,3.252903461456299
837,3.252903461456299
838,3.252903461456299
839,3.252903461456299
840,3.252903461456299
841,3.6429195404052734
842,3.6429195404052734
843,3.6429195404052734
844,3.6429195404052734
845,3.6429195404052734
846,3.252903461456299
847,3.6429195404052734
848,3.6429195404052734
849,3.6429195404052734
850,3.6429195404052734
851,3.6429195404052734
852,3.252903461456299
853,3.252903461456299
854,3.6429195404052734
855,3.6429195404052734
856,3.6429195404052734
857,3.6429195404052734
858,3.6429195404052734
859,3.6429195404052734
860,3.252903461456299
861,3.6429195404052734
862,3.252903461456299
863,3.252903461456299
864,3.6429195404052734
865,3.6429195404052734
866,3.6429195404052734
867,3.6429195404052734
868,3.6429195404052734
869,3.6429195404052734
870,3.6429195404052734
871,3.1846232414245605
872,3.6429195404052734
873,3.6429195404052734
874,3.6429195404052734
875,3.6429195404052734
876,3.6429195404052734
877,3.6429195404052734
878,3.6429195404052734
879,3.6429195404052734
880,3.6429195404052734
881,3.6429195404052734
882,3.6429195404052734
883,3.6429195404052734
884,3.6429195404052734
885,3.1846232414245605
886,3.6429195404052734
887,3.6429195404052734
888,3.6429195404052734
889,3.6429195404052734
890,3.6429195404052734
891,3.6429195404052734
892,3.6429195404052734
893,3.6429195404052734
894,3.6429195404052734
895,3.6429195404052734
896,3.6429195404052734
897,3.6429195404052734
898,3.6429195404052734
899,3.6429195404052734
900,3.6429195404052734
901,3.6429195404052734
902,3.6429195404052734
903,3.6429195404052734
904,3.6429195404052734
905,3.6429195404052734
906,3.6429195404052734
907,3.6429195404052734
908,3.6429195404052734
909,3.6429195404052734
910,3.6429195404052734
911,3.6429195404052734
912,3.6429195404052734
913,3.6429195404052734
914,3.6429195404052734
915,3.6429195404052734
916,3.6429195404052734
917,3.6429195404052734
918,3.6429195404052734
919,3.6429195404052734
920,3.6429195404052734
921,3.6429195404052734
922,3.6429195404052734
923,3.6429195404052734
924,3.6429195404052734
925,3.6429195404052734
926,3.6429195404052734
927,3.6429195404052734
928,3.6429195404052734
929,3.6429195404052734
930,3.252903461456299
931,3.252903461456299
932,3.252903461456299
933,3.252903461456299
934,3.252903461456299
935,3.252903461456299
936,3.252903461456299
937,3.252903461456299
938,3.6429195404052734
939,3.252903461456299
940,3.368032932281494
941,3.252903461456299
942,3.6429195404052734
943,3.6429195404052734
944,3.6429195404052734
945,3.6429195404052734
946,3.6429195404052734
947,3.784118175506592
948,3.6429195404052734
949,3.6429195404052734
950,3.6429195404052734
951,3.047825336456299
952,3.6429195404052734
953,3.6429195404052734
954,3.6429195404052734
955,3.6429195404052734
956,3.6429195404052734
957,3.6429195404052734
958,3.6429195404052734
959,3.6429195404052734
960,3.6429195404052734
961,3.6429195404052734
962,3.6429195404052734
963,3.6429195404052734
964,3.6429195404052734
965,3.6429195404052734
966,3.047825336456299
967,3.6429195404052734
968,2.504239559173584
969,3.6429195404052734
970,3.6429195404052734
971,3.6429195404052734
972,3.252903461456299
973,3.6429195404052734
974,3.6429195404052734
975,3.6429195404052734
976,3.6429195404052734
977,3.6429195404052734
978,3.6429195404052734
979,3.6429195404052734
980,3.6429195404052734
981,3.6429195404052734
982,3.6429195404052734
983,3.6429195404052734
984,3.6429195404052734
985,3.6429195404052734
986,3.6429195404052734
987,3.6429195404052734
988,3.6429195404052734
989,3.6429195404052734
990,3.6429195404052734
991,3.6429195404052734
992,3.6429195404052734
993,3.047825336456299
994,3.6429195404052734
995,3.6429195404052734
996,3.6429195404052734
997,3.6429195404052734
998,3.6429195404052734
999,3.6429195404052734
1000,3.6429195404052734
1001,3.6429195404052734
1002,3.6429195404052734
1003,3.6429195404052734
1004,3.047825336456299
1005,3.6429195404052734
1006,3.1846232414245605
1007,3.1846232414245605
1008,3.1846232414245605
1009,3.6429195404052734
1010,3.6429195404052734
1011,3.1846232414245605
1012,3.1846232414245605
1013,3.1846232414245605
1014,3.6429195404052734
1015,3.1846232414245605
1016,3.6429195404052734
1017,3.6429195404052734
1018,3.1846232414245605
1019,3.6429195404052734
1020,3.1846232414245605
1021,3.6429195404052734
1022,3.1846232414245605
1023,3.1846232414245605
1024,3.1846232414245605
1025,3.1846232414245605
1026,3.1846232414245605
1027,3.1846232414245605
1028,3.1846232414245605
1029,3.6429195404052734
1030,3.1846232414245605
1031,3.1846232414245605
1032,3.1846232414245605
1033,3.6429195404052734
1034,3.1846232414245605
1035,3.6429195404052734
1036,3.6429195404052734
1037,3.6429195404052734
1038,3.6429195404052734
1039,3.6429195404052734
1040,3.1846232414245605
1041,3.6429195404052734
1042,3.6429195404052734
1043,3.1846232414245605
1044,3.1846232414245605
1045,3.1846232414245605
1046,3.1846232414245605
1047,3.6429195404052734
1048,3.6429195404052734
1049,3.6429195404052734
1050,3.6429195404052734
1051,3.1846232414245605
1052,3.6429195404052734
1053,3.649847984313965
1054,3.6429195404052734
1055,3.6429195404052734
1056,3.6429195404052734
1057,3.6429195404052734
1058,3.6429195404052734
1059,3.6429195404052734
1060,3.6429195404052734
1061,3.6429195404052734
1062,3.1846232414245605
1063,3.6429195404052734
1064,3.6429195404052734
1065,3.6429195404052734
1066,3.6429195404052734
1067,3.6429195404052734
1068,3.6429195404052734
1069,3.6429195404052734
1070,3.6429195404052734
1071,3.6429195404052734
1072,3.6429195404052734
1073,3.6429195404052734
1074,3.1846232414245605
1075,3.6429195404052734
1076,3.6429195404052734
1077,3.6429195404052734
1078,3.1846232414245605
1079,3.1846232414245605
1080,3.6429195404052734
1081,3.6429195404052734
1082,3.658700466156006
1083,3.658700466156006
1084,3.6429195404052734
1085,3.6429195404052734
1086,3.6429195404052734
1087,3.6429195404052734
1088,3.6429195404052734
1089,3.6429195404052734
1090,3.6429195404052734
1091,3.6429195404052734
1092,3.6429195404052734
1093,3.6429195404052734
1094,3.6429195404052734
1095,3.6429195404052734
1096,3.6429195404052734
1097,3.6429195404052734
1098,3.6429195404052734
1099,3.6429195404052734
1100,3.6429195404052734
1101,3.6429195404052734
1102,3.6429195404052734
1103,3.6429195404052734
1104,3.6429195404052734
1105,3.6429195404052734
1106,3.6429195404052734
1107,3.6429195404052734
1108,3.6429195404052734
1109,3.6429195404052734
1110,3.6429195404052734
1111,3.6429195404052734
1112,3.6429195404052734
1113,3.6429195404052734
1114,3.6429195404052734
1115,3.6429195404052734
1116,3.6429195404052734
1117,3.6429195404052734
1118,3.6429195404052734
1119,3.6429195404052734
1120,3.6429195404052734
1121,3.6429195404052734
1122,3.649847984313965
1123,3.6429195404052734
1124,3.658700466156006
1125,3.658700466156006
1126,3.658700466156006
1127,3.6429195404052734
1128,3.6429195404052734
1129,3.6429195404052734
1130,3.6429195404052734
1131,3.6429195404052734
1132,3.6429195404052734
1133,3.6429195404052734
1134,3.6429195404052734
1135,3.6429195404052734
1136,3.6429195404052734
1137,3.6429195404052734
1138,3.6429195404052734
1139,3.6429195404052734
1140,3.6429195404052734
1141,3.6429195404052734
1142,3.6429195404052734
1143,3.6429195404052734
1144,3.658700466156006
1145,3.6429195404052734
1146,3.6429195404052734
1147,3.6429195404052734
1148,3.6429195404052734
1149,3.6429195404052734
1150,3.6429195404052734
1151,3.6429195404052734
1152,3.6429195404052734
1153,3.6429195404052734
1154,3.6429195404052734
1155,3.658700466156006
1156,3.6429195404052734
1157,3.6429195404052734
1158,3.1846232414245605
1159,3.649847984313965
1160,3.6429195404052734
1161,3.6429195404052734
1162,3.649847984313965
1163,3.6429195404052734
1164,3.6429195404052734
1165,3.6429195404052734
1166,3.6429195404052734
1167,3.6429195404052734
1168,3.6429195404052734
1169,3.6429195404052734
1170,3.6429195404052734
1171,3.6429195404052734
1172,3.6429195404052734
1173,3.6429195404052734
1174,3.6429195404052734
1175,3.6429195404052734
1176,3.6429195404052734
1177,3.6429195404052734
1178,3.6429195404052734
1179,3.6429195404052734
1180,3.6429195404052734
1181,3.6429195404052734
1182,3.6429195404052734
1183,3.6429195404052734
1184,3.6429195404052734
1185,3.6429195404052734
1186,3.6429195404052734
1187,3.6429195404052734
1188,3.6429195404052734
1189,3.6429195404052734
1190,3.6429195404052734
1191,3.6429195404052734
1192,3.6429195404052734
1193,3.6429195404052734
1194,3.6429195404052734
1195,3.1846232414245605
1196,3.1846232414245605
1197,3.6429195404052734
1198,3.6429195404052734
1199,3.6429195404052734
1200,3.6429195404052734
1201,3.252903461456299
1202,3.252903461456299
1203,3.6429195404052734
1204,3.6429195404052734
1205,3.252903461456299
1206,3.252903461456299
1207,3.252903461456299
1208,3.252903461456299
1209,3.252903461456299
1210,3.252903461456299
1211,3.252903461456299
1212,2.8632521629333496
1213,3.252903461456299
1214,3.6429195404052734
1215,3.252903461456299
1216,3.6429195404052734
1217,3.047825336456299
1218,3.047825336456299
1219,3.6429195404052734
1220,3.6429195404052734
1221,3.6429195404052734
1222,3.6429195404052734
1223,3.1846232414245605
1224,3.1846232414245605
1225,2.819483757019043
1226,2.589529514312744
1227,2.819483757019043
1228,2.589529514312744
1229,3.1846232414245605
1230,3.6429195404052734
1231,3.1846232414245605
1232,3.6429195404052734
1233,3.6429195404052734
1234,3.6429195404052734
1235,3.6429195404052734
1236,3.6429195404052734
1237,3.6429195404052734
1238,3.1846232414245605
1239,3.6429195404052734
1240,3.6429195404052734
1241,3.1846232414245605
1242,3.1846232414245605
1243,3.1846232414245605
1244,3.1846232414245605
1245,3.1846232414245605
1246,3.1846232414245605
1247,3.1846232414245605
1248,3.1846232414245605
1249,3.1846232414245605
1250,3.1846232414245605
1251,3.1846232414245605
1252,3.1846232414245605
1253,3.1846232414245605
1254,3.1846232414245605
1255,3.1846232414245605
1256,3.1846232414245605
1257,3.1846232414245605
1258,3.1846232414245605
1259,3.1846232414245605
1260,3.1846232414245605
1261,3.1846232414245605
1262,3.1846232414245605
1263,3.1846232414245605
1264,3.1846232414245605
1265,3.1846232414245605
1266,3.6429195404052734
1267,3.1846232414245605
1268,3.1846232414245605
1269,3.1846232414245605
1270,3.1846232414245605
1271,3.1846232414245605
1272,3.1846232414245605
1273,3.1846232414245605
1274,3.1846232414245605
1275,3.1846232414245605
1276,3.1846232414245605
1277,3.1846232414245605
1278,3.1846232414245605
1279,3.1846232414245605
1280,3.1846232414245605
1281,3.1846232414245605
1282,3.1846232414245605
1283,3.1846232414245605
1284,3.1846232414245605
1285,3.1846232414245605
1286,3.1846232414245605
1287,3.1846232414245605
1288,3.1846232414245605
1289,3.6429195404052734
1290,3.1846232414245605
1291,3.1846232414245605
1292,3.1846232414245605
1293,3.1846232414245605
1294,3.1846232414245605
1295,3.1846232414245605
1296,3.1846232414245605
1297,3.1846232414245605
1298,3.1846232414245605
1299,3.1846232414245605
1300,3.1846232414245605
1301,3.1846232414245605
1302,3.1846232414245605
1303,3.1846232414245605
1304,3.1846232414245605
1305,3.1846232414245605
1306,3.1846232414245605
1307,3.1846232414245605
1308,3.1846232414245605
1309,3.1846232414245605
1310,3.1846232414245605
1311,3.1846232414245605
1312,3.1846232414245605
1313,3.1846232414245605
1314,3.1846232414245605
1315,3.1846232414245605
1316,3.1846232414245605
1317,3.1846232414245605
1318,3.1846232414245605
1319,3.6429195404052734
1320,3.1846232414245605
1321,3.1846232414245605
1322,3.1846232414245605
1323,3.1846232414245605
1324,3.1846232414245605
1325,3.1846232414245605
1326,3.6429195404052734
1327,3.1846232414245605
1328,3.1846232414245605
1329,3.1846232414245605
1330,3.1846232414245605
1331,3.1846232414245605
1332,3.6429195404052734
1333,3.1846232414245605
1334,3.1846232414245605
1335,3.1846232414245605
1336,3.1846232414245605
1337,3.1846232414245605
1338,3.1846232414245605
1339,3.1846232414245605
1340,3.1846232414245605
1341,3.6429195404052734
1342,3.1846232414245605
1343,3.1846232414245605
1344,3.1846232414245605
1345,3.1846232414245605
1346,3.6429195404052734
1347,3.1846232414245605
1348,3.1846232414245605
1349,3.1846232414245605
1350,3.1846232414245605
1351,3.1846232414245605
1352,3.1846232414245605
1353,3.1846232414245605
1354,3.1846232414245605
1355,3.1846232414245605
1356,3.1846232414245605
1357,3.1846232414245605
1358,3.1846232414245605
1359,3.1846232414245605
1360,3.1846232414245605
1361,3.1846232414245605
1362,3.1846232414245605
1363,3.1846232414245605
1364,3.1846232414245605
1365,3.1846232414245605
1366,3.1846232414245605
1367,3.1846232414245605
1368,3.1846232414245605
1369,3.1846232414245605
1370,3.1846232414245605
1371,3.1846232414245605
1372,3.1846232414245605
1373,3.1846232414245605
1374,3.1846232414245605
1375,3.1846232414245605
1376,3.1846232414245605
1377,3.1846232414245605
1378,3.1846232414245605
1379,3.1846232414245605
1380,3.1846232414245605
1381,3.1846232414245605
1382,3.6429195404052734
1383,3.6429195404052734
1384,3.1846232414245605
1385,3.1846232414245605
1386,3.1846232414245605
1387,3.1846232414245605
1388,3.1846232414245605
1389,3.1846232414245605
1390,3.1846232414245605
1391,3.1846232414245605
1392,3.1846232414245605
1393,3.1846232414245605
1394,3.1846232414245605
1395,3.1846232414245605
1396,3.1846232414245605
1397,3.1846232414245605
1398,3.1846232414245605
1399,3.1846232414245605
1400,3.1846232414245605
1401,3.1846232414245605
1402,3.1846232414245605
1403,3.1846232414245605
1404,3.1846232414245605
1405,3.1846232414245605
1406,3.1846232414245605
1407,3.1846232414245605
1408,3.1846232414245605
1409,3.1846232414245605
1410,3.1846232414245605
1411,3.1846232414245605
1412,3.1846232414245605
1413,3.1846232414245605
1414,3.1846232414245605
1415,3.1846232414245605
1416,3.1846232414245605
1417,3.1846232414245605
1418,3.1846232414245605
1419,3.1846232414245605
1420,3.1846232414245605
1421,3.1846232414245605
1422,3.1846232414245605
1423,3.1846232414245605
1424,3.1846232414245605
1425,3.1846232414245605
1426,3.1846232414245605
1427,3.1846232414245605
1428,3.1846232414245605
1429,3.1846232414245605
1430,3.1846232414245605
1431,3.1846232414245605
1432,3.1846232414245605
1433,3.1846232414245605
1434,3.1846232414245605
1435,3.1846232414245605
1436,3.1846232414245605
1437,3.1846232414245605
1438,3.1846232414245605
1439,3.1846232414245605
1440,3.1846232414245605
1441,3.1846232414245605
1442,3.1846232414245605
1443,3.1846232414245605
1444,3.1846232414245605
1445,3.1846232414245605
1446,3.1846232414245605
1447,3.1846232414245605
1448,3.1846232414245605
1449,3.1846232414245605
1450,3.1846232414245605
1451,3.1846232414245605
1452,3.1846232414245605
1453,3.1846232414245605
1454,3.1846232414245605
1455,3.1846232414245605
1456,3.1846232414245605
1457,3.1846232414245605
1458,3.1846232414245605
1459,3.1846232414245605
1460,3.1846232414245605
1461,3.1846232414245605
1462,3.1846232414245605
1463,3.1846232414245605
1464,3.1846232414245605
1465,3.1846232414245605
1466,3.1846232414245605
1467,3.1846232414245605
1468,3.1846232414245605
1469,3.1846232414245605
1470,3.1846232414245605
1471,3.1846232414245605
1472,3.1846232414245605
1473,3.1846232414245605
1474,3.1846232414245605
1475,2.819483757019043
1476,3.1846232414245605
1477,3.1846232414245605
1478,3.1846232414245605
1479,3.1846232414245605
1480,2.819483757019043
1481,3.1846232414245605
1482,2.589529514312744
1483,3.1846232414245605
1484,3.1846232414245605
1485,2.819483757019043
1486,2.819483757019043
1487,2.819483757019043
1488,2.819483757019043
1489,3.1846232414245605
1490,2.819483757019043
1491,2.819483757019043
1492,3.1846232414245605
1493,3.1846232414245605
1494,2.819483757019043
1495,3.1846232414245605
1496,3.1846232414245605
1497,3.1846232414245605
1498,3.1846232414245605
1499,3.1846232414245605
1500,3.1846232414245605
1501,3.1846232414245605
1502,3.1846232414245605
1503,3.1846232414245605
1504,3.1846232414245605
1505,3.1846232414245605
1506,3.1846232414245605
1507,3.1846232414245605
1508,3.1846232414245605
1509,3.1846232414245605
1510,3.1846232414245605
1511,3.1846232414245605
1512,3.1846232414245605
1513,3.1846232414245605
1514,3.1846232414245605
1515,3.1846232414245605
1516,3.1846232414245605
1517,3.1846232414245605
1518,3.1846232414245605
1519,3.1846232414245605
1520,3.1846232414245605
1521,3.1846232414245605
1522,3.1846232414245605
1523,3.1846232414245605
1524,3.1846232414245605
1525,3.1846232414245605
1526,2.819483757019043
1527,2.589529514312744
1528,3.1846232414245605
1529,3.1846232414245605
1530,3.1846232414245605
1531,3.1846232414245605
1532,3.1846232414245605
1533,3.1846232414245605
1534,3.1846232414245605
1535,3.1846232414245605
1536,3.1846232414245605
1537,3.1846232414245605
1538,2.819483757019043
1539,3.1846232414245605
1540,3.1846232414245605
1541,3.1846232414245605
1542,3.1846232414245605
1543,3.1846232414245605
1544,3.1846232414245605
1545,3.1846232414245605
1546,3.1846232414245605
1547,3.1846232414245605
1548,3.1846232414245605
1549,3.1846232414245605
1550,3.1846232414245605
1551,3.1846232414245605
1552,3.1846232414245605
1553,3.1846232414245605
1554,3.1846232414245605
1555,3.1846232414245605
1556,3.1846232414245605
1557,3.1846232414245605
1558,2.589529514312744
1559,3.1846232414245605
1560,3.1846232414245605
1561,3.1846232414245605
1562,3.1846232414245605
1563,3.6429195404052734
1564,3.6429195404052734
1565,3.1846232414245605
1566,3.1846232414245605
1567,3.1846232414245605
1568,3.1846232414245605
1569,3.1846232414245605
1570,3.1846232414245605
1571,3.1846232414245605
1572,3.1846232414245605
1573,3.1846232414245605
1574,3.1846232414245605
1575,3.1846232414245605
1576,3.1846232414245605
1577,2.819483757019043
1578,3.1846232414245605
1579,3.1846232414245605
1580,3.1846232414245605
1581,3.1846232414245605
1582,3.1846232414245605
1583,3.1846232414245605
1584,3.6429195404052734
1585,3.1846232414245605
1586,3.1846232414245605
1587,3.1846232414245605
1588,3.1846232414245605
1589,3.1846232414245605
1590,3.1846232414245605
1591,3.1846232414245605
1592,2.589529514312744
1593,3.1846232414245605
1594,3.1846232414245605
1595,3.299753189086914
1596,3.1846232414245605
1597,3.1846232414245605
1598,3.1846232414245605
1599,3.1846232414245605
1600,3.1846232414245605
1601,3.1846232414245605
1602,3.1846232414245605
1603,3.1846232414245605
1604,3.6429195404052734
1605,3.6429195404052734
1606,3.6429195404052734
1607,3.6429195404052734
1608,3.6429195404052734
1609,3.6429195404052734
1610,3.1846232414245605
1611,3.1846232414245605
1612,3.1846232414245605
1613,3.1846232414245605
1614,3.1846232414245605
1615,3.6429195404052734
1616,3.6429195404052734
1617,3.6429195404052734
1618,3.6429195404052734
1619,3.6429195404052734
1620,3.6429195404052734
1621,3.6429195404052734
1622,3.6429195404052734
1623,3.6429195404052734
1624,3.6429195404052734
1625,3.6429195404052734
1626,3.6429195404052734
1627,3.6429195404052734
1628,3.6429195404052734
1629,3.6429195404052734
1630,3.6429195404052734
1631,3.6429195404052734
1632,3.6429195404052734
1633,3.6429195404052734
1634,3.6429195404052734
1635,3.6429195404052734
1636,3.6429195404052734
1637,3.6429195404052734
1638,3.6429195404052734
1639,3.6429195404052734
1640,3.6429195404052734
1641,3.1846232414245605
1642,3.3163514137268066
1643,3.3163514137268066
1644,2.951211452484131
1645,3.3163514137268066
1646,3.3163514137268066
1647,3.3163514137268066
1648,3.4079337120056152
1649,2.951211452484131
1650,3.4079337120056152
1651,3.3163514137268066
1652,3.3163514137268066
1653,3.3163514137268066
1654,3.3163514137268066
1655,3.3163514137268066
1656,3.3163514137268066
1657,3.3163514137268066
1658,3.3163514137268066
1659,3.3163514137268066
1660,3.3163514137268066
1661,3.3163514137268066
1662,3.3163514137268066
1663,2.680800437927246
1664,3.3163514137268066
1665,3.3163514137268066
1666,3.3163514137268066
1667,3.3163514137268066
1668,3.3163514137268066
1669,3.3163514137268066
1670,3.3163514137268066
1671,3.3163514137268066
1672,3.3163514137268066
1673,3.4079337120056152
1674,3.4079337120056152
1675,3.6210379600524902
1676,3.3163514137268066
1677,3.3163514137268066
1678,3.3163514137268066
1679,3.3163514137268066
1680,3.413900375366211
1681,3.3163514137268066
1682,3.3163514137268066
1683,3.413900375366211
1684,3.3163514137268066
1685,3.3163514137268066
1686,3.3163514137268066
1687,3.3163514137268066
1688,3.3163514137268066
1689,3.3163514137268066
1690,3.3163514137268066
1691,3.3163514137268066
1692,3.3163514137268066
1693,3.299753189086914
1694,3.3163514137268066
1695,3.1846232414245605
1696,3.1846232414245605
1697,3.1846232414245605
1698,3.1846232414245605
1699,3.3163514137268066
1700,3.3163514137268066
1701,3.3163514137268066
1702,3.286388397216797
1703,3.3163514137268066
1704,3.3163514137268066
1705,3.3163514137268066
1706,3.3163514137268066
1707,3.1846232414245605
1708,3.299753189086914
1709,3.299753189086914
1710,3.299753189086914
1711,3.1846232414245605
1712,3.413900375366211
1713,3.413900375366211
1714,3.299753189086914
1715,3.1846232414245605
1716,3.299753189086914
1717,3.3163514137268066
1718,3.1846232414245605
1719,3.286388397216797
1720,3.299753189086914
1721,3.299753189086914
1722,3.299753189086914
1723,3.286388397216797
1724,3.299753189086914
1725,3.1846232414245605
1726,3.299753189086914
1727,3.3163514137268066
1728,3.3163514137268066
1729,3.413900375366211
1730,3.1846232414245605
1731,3.3163514137268066
1732,3.299753189086914
1733,3.3163514137268066
1734,3.3163514137268066
1735,3.3163514137268066
1736,3.1846232414245605
1737,3.286388397216797
1738,3.1846232414245605
1739,3.1846232414245605
1740,3.1846232414245605
1741,3.299753189086914
1742,3.299753189086914
1743,3.299753189086914
1744,3.1846232414245605
1745,3.299753189086914
1746,3.299753189086914
1747,3.1846232414245605
1748,3.1846232414245605
1749,3.413900375366211
1750,3.1846232414245605
1751,3.299753189086914
1752,3.299753189086914
1753,3.299753189086914
1754,3.3163514137268066
1755,3.3163514137268066
1756,3.7746472358703613
1757,3.3163514137268066
1758,3.7446846961975098
1759,3.7446846961975098
1760,3.6429195404052734
1761,3.1846232414245605
1762,3.299753189086914
1763,3.3163514137268066
1764,3.3163514137268066
1765,3.3163514137268066
1766,3.3163514137268066
1767,3.3163514137268066
1768,3.286388397216797
1769,3.3163514137268066
1770,3.3163514137268066
1771,3.1846232414245605
1772,3.299753189086914
1773,3.1846232414245605
1774,3.6429195404052734
1775,3.1846232414245605
1776,3.1846232414245605
1777,3.299753189086914
1778,3.3163514137268066
1779,3.3163514137268066
1780,3.299753189086914
1781,3.299753189086914
1782,3.1846232414245605
1783,3.299753189086914
1784,3.299753189086914
1785,3.1846232414245605
1786,3.1846232414245605
1787,3.1846232414245605
1788,3.1846232414245605
1789,3.7746472358703613
1790,3.86622953414917
1791,3.86622953414917
1792,3.7746472358703613
1793,3.3163514137268066
1794,3.3163514137268066
1795,3.1846232414245605
1796,3.1846232414245605
1797,3.1846232414245605
1798,3.1846232414245605
1799,3.1846232414245605
1800,3.1846232414245605
1801,3.1846232414245605
1802,3.1846232414245605
1803,3.1846232414245605
1804,3.1846232414245605
1805,3.1846232414245605
1806,3.1846232414245605
1807,3.1846232414245605
1808,3.1846232414245605
1809,3.1846232414245605
1810,3.1846232414245605
1811,2.819483757019043
1812,2.819483757019043
1813,2.819483757019043
1814,3.299753189086914
1815,3.3163514137268066
1816,3.286388397216797
1817,3.286388397216797
1818,3.3163514137268066
1819,3.3163514137268066
1820,3.286388397216797
1821,3.299753189086914
1822,3.299753189086914
1823,3.299753189086914
1824,3.1846232414245605
1825,3.299753189086914
1826,3.1846232414245605
1827,3.299753189086914
1828,3.1846232414245605
1829,3.1846232414245605
1830,3.1846232414245605
1831,3.299753189086914
1832,3.1846232414245605
1833,3.1846232414245605
1834,3.1846232414245605
1835,3.1846232414245605
1836,3.1846232414245605
1837,3.1846232414245605
1838,3.1846232414245605
1839,3.1846232414245605
1840,3.1846232414245605
1841,3.1846232414245605
1842,3.1846232414245605
1843,3.1846232414245605
1844,3.1846232414245605
1845,3.3163514137268066
1846,3.3163514137268066
1847,3.3163514137268066
1848,3.3163514137268066
1849,3.3163514137268066
1850,3.299753189086914
1851,3.1846232414245605
1852,3.1846232414245605
1853,3.1846232414245605
1854,2.589529514312744
1855,3.1846232414245605
1856,3.1846232414245605
1857,3.1846232414245605
1858,3.1846232414245605
1859,3.1846232414245605
1860,3.1846232414245605
1861,3.1846232414245605
1862,3.1846232414245605
1863,3.1846232414245605
1864,3.1846232414245605
1865,3.1846232414245605
1866,3.1846232414245605
1867,3.1846232414245605
1868,3.1846232414245605
1869,3.1846232414245605
1870,3.1846232414245605
1871,3.299753189086914
1872,3.1846232414245605
1873,3.1846232414245605
1874,3.1846232414245605
1875,3.1846232414245605
1876,3.1846232414245605
1877,3.1846232414245605
1878,3.1846232414245605
1879,3.1846232414245605
1880,3.1846232414245605
1881,3.1846232414245605
1882,3.1846232414245605
1883,3.1846232414245605
1884,3.1846232414245605
1885,3.1846232414245605
1886,3.1846232414245605
1887,3.1846232414245605
1888,3.1846232414245605
1889,3.1846232414245605
1890,3.1846232414245605
1891,3.1846232414245605
1892,3.3163514137268066
1893,3.6210379600524902
1894,3.4079337120056152
1895,3.1846232414245605
1896,3.1846232414245605
1897,3.1846232414245605
1898,3.1846232414245605
1899,3.1846232414245605
1900,3.1846232414245605
1901,2.819483757019043
1902,3.1846232414245605
1903,3.1846232414245605
1904,3.1846232414245605
1905,3.1846232414245605
1906,3.1846232414245605
1907,3.1846232414245605
1908,2.819483757019043
1909,3.1846232414245605
1910,3.1846232414245605
1911,3.1846232414245605
1912,3.1846232414245605
1913,3.1846232414245605
1914,3.1846232414245605
1915,3.1846232414245605
1916,3.1846232414245605
1917,3.1846232414245605
1918,3.299753189086914
1919,3.1846232414245605
1920,3.1846232414245605
1921,3.1846232414245605
1922,3.1846232414245605
1923,3.1846232414245605
1924,3.1846232414245605
1925,3.1846232414245605
1926,3.1846232414245605
1927,3.1846232414245605
1928,3.1846232414245605
1929,3.286388397216797
1930,3.1846232414245605
1931,3.299753189086914
1932,3.1846232414245605
1933,3.1846232414245605
1934,3.1846232414245605
1935,3.1846232414245605
1936,3.1846232414245605
1937,3.1846232414245605
1938,3.299753189086914
1939,3.1846232414245605
1940,3.1846232414245605
1941,3.299753189086914
1942,3.299753189086914
1943,3.6429195404052734
1944,3.1846232414245605
1945,3.1846232414245605
1946,3.1846232414245605
1947,4.079333782196045
1948,4.079333782196045
1949,3.122246265411377
1950,4.079333782196045
1951,4.079333782196045
1952,4.079333782196045
1953,3.122246265411377
1954,2.9091415405273438
1955,3.7746472358703613
1956,3.299753189086914
1957,3.299753189086914
1958,3.299753189086914
1959,3.1846232414245605
1960,3.1846232414245605
1961,3.299753189086914
1962,3.1846232414245605
1963,3.1846232414245605
1964,3.1846232414245605
1965,3.1846232414245605
1966,3.1846232414245605
1967,3.1846232414245605
1968,2.589529514312744
1969,3.1846232414245605
1970,3.1846232414245605
1971,3.299753189086914
1972,3.1846232414245605
1973,3.1846232414245605
1974,3.1846232414245605
1975,3.1846232414245605
1976,3.1846232414245605
1977,3.1846232414245605
1978,3.1846232414245605
1979,3.1846232414245605
1980,3.1846232414245605
1981,3.1846232414245605
1982,3.1846232414245605
1983,3.1846232414245605
1984,3.1846232414245605
1985,3.1846232414245605
1986,3.1846232414245605
1987,3.1846232414245605
1988,3.1846232414245605
1989,3.1846232414245605
1990,3.1846232414245605
1991,3.1846232414245605
1992,3.1846232414245605
1993,3.1846232414245605
1994,3.1846232414245605
1995,3.1846232414245605
1996,3.1846232414245605
1997,3.1846232414245605
1998,3.1846232414245605
1999,3.1846232414245605
2000,3.1846232414245605
2001,3.1846232414245605
2002,3.1846232414245605
2003,3.1846232414245605
2004,3.1846232414245605
2005,3.1846232414245605
2006,3.1846232414245605
2007,3.1846232414245605
2008,3.1846232414245605
2009,3.1846232414245605
2010,3.1846232414245605
2011,3.1846232414245605
2012,3.1846232414245605
2013,3.1846232414245605
2014,3.1846232414245605
2015,3.1846232414245605
2016,3.1846232414245605
2017,3.1846232414245605
2018,3.3163514137268066
2019,3.3163514137268066
2020,3.286388397216797
2021,3.1846232414245605
2022,3.1846232414245605
2023,3.1846232414245605
2024,3.1846232414245605
2025,3.1846232414245605
2026,3.1846232414245605
2027,3.1846232414245605
2028,3.1846232414245605
2029,3.1846232414245605
2030,3.1846232414245605
2031,3.6429195404052734
2032,3.1846232414245605
2033,3.1846232414245605
2034,3.1846232414245605
2035,3.1846232414245605
2036,3.1846232414245605
2037,3.1846232414245605
2038,3.1846232414245605
2039,3.1846232414245605
2040,3.1846232414245605
2041,3.6429195404052734
2042,3.6429195404052734
2043,3.6429195404052734
2044,3.6429195404052734
2045,3.6429195404052734
2046,3.1846232414245605
2047,3.1846232414245605
2048,3.1846232414245605
2049,3.1846232414245605
2050,3.1846232414245605
2051,3.1846232414245605
2052,3.1846232414245605
2053,3.1846232414245605
2054,3.1846232414245605
2055,3.1846232414245605
2056,2.819483757019043
2057,3.1846232414245605
2058,3.1846232414245605
2059,2.819483757019043
2060,3.1846232414245605
2061,3.1846232414245605
2062,2.819483757019043
2063,3.1846232414245605
2064,3.1846232414245605
2065,3.1846232414245605
2066,3.1846232414245605
2067,3.6429195404052734
2068,3.047825336456299
2069,3.047825336456299
2070,3.6429195404052734
2071,3.6429195404052734
2072,3.6429195404052734
2073,3.6429195404052734
2074,3.6429195404052734
2075,3.1846232414245605
2076,2.819483757019043
2077,3.1846232414245605
2078,3.1846232414245605
2079,3.1846232414245605
2080,3.1846232414245605
2081,3.1846232414245605
2082,3.1846232414245605
2083,3.1846232414245605
2084,3.1846232414245605
2085,3.1846232414245605
2086,2.819483757019043
2087,3.1846232414245605
2088,3.1846232414245605
2089,3.6429195404052734
2090,2.819483757019043
2091,3.1846232414245605
2092,3.1846232414245605
2093,3.1846232414245605
2094,3.1846232414245605
2095,3.1846232414245605
2096,3.1846232414245605
2097,3.1846232414245605
2098,2.819483757019043
2099,2.819483757019043
2100,3.1846232414245605
2101,3.1846232414245605
2102,3.1846232414245605
2103,3.1846232414245605
2104,3.1846232414245605
2105,3.1846232414245605
2106,3.1846232414245605
2107,3.1846232414245605
2108,3.1846232414245605
2109,3.1846232414245605
2110,3.1846232414245605
2111,3.1846232414245605
2112,3.1846232414245605
2113,3.1846232414245605
2114,3.1846232414245605
2115,3.1846232414245605
2116,3.1846232414245605
2117,3.1846232414245605
2118,3.1846232414245605
2119,3.1846232414245605
2120,3.1846232414245605
2121,3.1846232414245605
2122,3.1846232414245605
2123,3.6429195404052734
2124,3.6429195404052734
2125,3.6429195404052734
2126,3.6429195404052734
2127,3.1846232414245605
2128,3.6429195404052734
2129,3.1846232414245605
2130,3.1846232414245605
2131,3.1846232414245605
2132,3.1846232414245605
2133,2.819483757019043
2134,3.1846232414245605
2135,3.1846232414245605
2136,3.1846232414245605
2137,3.1846232414245605
2138,2.589529514312744
2139,3.1846232414245605
2140,3.1846232414245605
2141,3.1846232414245605
2142,3.1846232414245605
2143,3.1846232414245605
2144,3.1846232414245605
2145,3.1846232414245605
2146,3.1846232414245605
2147,3.1846232414245605
2148,3.1846232414245605
2149,3.6429195404052734
2150,3.6429195404052734
2151,3.6429195404052734
2152,3.1846232414245605
2153,3.6429195404052734
2154,3.6429195404052734
2155,3.6429195404052734
2156,3.1846232414245605
2157,3.6429195404052734
2158,3.1846232414245605
2159,3.1846232414245605
2160,3.1846232414245605
2161,3.1846232414245605
2162,3.1846232414245605
2163,3.1846232414245605
2164,3.1846232414245605
2165,3.1846232414245605
2166,3.1846232414245605
2167,3.1846232414245605
2168,3.1846232414245605
2169,3.1846232414245605
2170,3.1846232414245605
2171,3.1846232414245605
2172,3.1846232414245605
2173,3.1846232414245605
2174,3.1846232414245605
2175,3.1846232414245605
2176,3.1846232414245605
2177,3.1846232414245605
2178,2.589529514312744
2179,3.1846232414245605
2180,3.1846232414245605
2181,3.1846232414245605
2182,3.1846232414245605
2183,3.1846232414245605
2184,2.589529514312744
2185,3.1846232414245605
2186,2.589529514312744
2187,3.1846232414245605
2188,2.819483757019043
2189,3.1846232414245605
2190,3.1846232414245605
2191,3.1846232414245605
2192,3.6429195404052734
2193,3.1846232414245605
2194,3.1846232414245605
2195,3.6429195404052734
2196,3.1846232414245605
2197,3.1846232414245605
2198,3.1846232414245605
2199,3.1846232414245605
2200,2.819483757019043
2201,3.1846232414245605
2202,3.1846232414245605
2203,3.1846232414245605
2204,3.1846232414245605
2205,3.1846232414245605
2206,3.1846232414245605
2207,3.1846232414245605
2208,3.1846232414245605
2209,3.1846232414245605
2210,3.1846232414245605
2211,3.1846232414245605
2212,2.819483757019043
2213,2.819483757019043
2214,3.1846232414245605
2215,3.6429195404052734
2216,3.1846232414245605
2217,3.1846232414245605
2218,3.1846232414245605
2219,3.1846232414245605
2220,3.6429195404052734
2221,3.1846232414245605
2222,3.6429195404052734
2223,3.6429195404052734
2224,3.1846232414245605
2225,3.1846232414245605
2226,3.1846232414245605
2227,2.589529514312744
2228,3.1846232414245605
2229,3.1846232414245605
2230,2.819483757019043
2231,3.1846232414245605
2232,2.819483757019043
2233,3.1846232414245605
2234,3.1846232414245605
2235,3.1846232414245605
2236,3.1846232414245605
2237,3.1846232414245605
2238,3.6429195404052734
2239,2.819483757019043
2240,3.1846232414245605
2241,3.1846232414245605
2242,3.6429195404052734
2243,3.1846232414245605
2244,3.1846232414245605
2245,3.1846232414245605
2246,3.1846232414245605
2247,3.6429195404052734
2248,3.6429195404052734
2249,3.1846232414245605
2250,3.1846232414245605
2251,3.1846232414245605
2252,3.1846232414245605
2253,3.1846232414245605
2254,3.1846232414245605
2255,3.1846232414245605
2256,3.1846232414245605
2257,3.1846232414245605
2258,3.1846232414245605
2259,3.1846232414245605
2260,3.1846232414245605
2261,3.1846232414245605
2262,3.1846232414245605
2263,3.1846232414245605
2264,3.1846232414245605
2265,3.6429195404052734
2266,3.1846232414245605
2267,3.1846232414245605
2268,3.1846232414245605
2269,3.6429195404052734
2270,3.6429195404052734
2271,3.1846232414245605
2272,3.1846232414245605
2273,3.1846232414245605
2274,2.589529514312744
2275,3.1846232414245605
2276,3.1846232414245605
2277,3.1846232414245605
2278,3.1846232414245605
2279,3.1846232414245605
2280,2.589529514312744
2281,3.1846232414245605
2282,3.1846232414245605
2283,3.6429195404052734
2284,3.6429195404052734
2285,3.1846232414245605
2286,3.1846232414245605
2287,3.1846232414245605
2288,3.1846232414245605
2289,3.1846232414245605
2290,3.1846232414245605
2291,3.1846232414245605
2292,3.1846232414245605
2293,3.1846232414245605
2294,3.1846232414245605
2295,3.1846232414245605
2296,3.1846232414245605
2297,3.1846232414245605
2298,3.1846232414245605
2299,3.1846232414245605
2300,3.1846232414245605
2301,3.1846232414245605
2302,3.1846232414245605
2303,3.1846232414245605
2304,3.1846232414245605
2305,3.1846232414245605
2306,3.1846232414245605
2307,3.1846232414245605
2308,3.1846232414245605
2309,3.1846232414245605
2310,3.1846232414245605
2311,3.1846232414245605
2312,3.1846232414245605
2313,3.1846232414245605
2314,3.1846232414245605
2315,3.1846232414245605
2316,3.1846232414245605
2317,3.1846232414245605
2318,3.1846232414245605
2319,3.1846232414245605
2320,3.1846232414245605
2321,3.1846232414245605
2322,3.1846232414245605
2323,3.1846232414245605
2324,3.1846232414245605
2325,3.1846232414245605
2326,3.1846232414245605
2327,3.1846232414245605
2328,3.1846232414245605
2329,3.1846232414245605
2330,3.1846232414245605
2331,3.1846232414245605
2332,3.1846232414245605
2333,3.1846232414245605
2334,3.1846232414245605
2335,3.1846232414245605
2336,3.1846232414245605
2337,3.6429195404052734
2338,3.6429195404052734
2339,3.1846232414245605
2340,3.6429195404052734
2341,3.1846232414245605
2342,3.6429195404052734
2343,3.6429195404052734
2344,3.1846232414245605
2345,3.1846232414245605
2346,3.1846232414245605
2347,3.1846232414245605
2348,3.1846232414245605
2349,3.1846232414245605
2350,3.1846232414245605
2351,3.1846232414245605
2352,3.1846232414245605
2353,3.1846232414245605
2354,3.6429195404052734
2355,3.6429195404052734
2356,3.1846232414245605
2357,3.1846232414245605
2358,3.1846232414245605
2359,3.1846232414245605
2360,3.1846232414245605
2361,3.1846232414245605
2362,3.6429195404052734
2363,3.1846232414245605
2364,3.1846232414245605
2365,3.1846232414245605
2366,3.1846232414245605
2367,3.1846232414245605
2368,3.1846232414245605
2369,3.1846232414245605
2370,3.1846232414245605
2371,3.1846232414245605
2372,3.1846232414245605
2373,3.1846232414245605
2374,3.1846232414245605
2375,3.1846232414245605
2376,3.1846232414245605
2377,3.1846232414245605
2378,3.1846232414245605
2379,3.1846232414245605
2380,3.1846232414245605
2381,3.1846232414245605
2382,3.1846232414245605
2383,3.1846232414245605
2384,3.1846232414245605
2385,3.1846232414245605
2386,3.1846232414245605
2387,3.1846232414245605
2388,3.1846232414245605
2389,3.1846232414245605
2390,3.1846232414245605
2391,3.1846232414245605
2392,3.1846232414245605
2393,3.1846232414245605
2394,3.1846232414245605
2395,3.1846232414245605
2396,3.1846232414245605
2397,2.589529514312744
2398,3.1846232414245605
2399,3.1846232414245605
2400,3.1846232414245605
2401,3.1846232414245605
2402,3.1846232414245605
2403,3.1846232414245605
2404,3.1846232414245605
2405,3.1846232414245605
2406,3.1846232414245605
2407,3.1846232414245605
2408,3.1846232414245605
2409,3.1846232414245605
2410,3.1846232414245605
2411,3.1846232414245605
2412,3.1846232414245605
2413,3.1846232414245605
2414,3.1846232414245605
2415,3.1846232414245605
2416,3.1846232414245605
2417,2.819483757019043
2418,3.1846232414245605
2419,3.1846232414245605
2420,3.1846232414245605
2421,3.1846232414245605
2422,3.1846232414245605
2423,3.1846232414245605
2424,3.1846232414245605
2425,3.1846232414245605
2426,3.1846232414245605
2427,3.1846232414245605
2428,3.1846232414245605
2429,3.1846232414245605
2430,3.1846232414245605
2431,3.1846232414245605
2432,3.1846232414245605
2433,3.1846232414245605
2434,3.299753189086914
2435,3.299753189086914
2436,3.1846232414245605
2437,3.1846232414245605
2438,3.1846232414245605
2439,3.1846232414245605
2440,3.1846232414245605
2441,3.1846232414245605
2442,3.1846232414245605
2443,3.1846232414245605
2444,3.1846232414245605
2445,3.1846232414245605
2446,3.1846232414245605
2447,3.1846232414245605
2448,3.1846232414245605
2449,3.1846232414245605
2450,3.1846232414245605
2451,3.1846232414245605
2452,3.1846232414245605
2453,3.1846232414245605
2454,3.1846232414245605
2455,3.1846232414245605
2456,3.1846232414245605
2457,3.1846232414245605
2458,3.1846232414245605
2459,3.1846232414245605
2460,3.1846232414245605
2461,3.1846232414245605
2462,3.1846232414245605
2463,3.1846232414245605
2464,3.1846232414245605
2465,3.1846232414245605
2466,3.1846232414245605
2467,3.1846232414245605
2468,3.1846232414245605
2469,3.1846232414245605
2470,3.1846232414245605
2471,3.1846232414245605
2472,3.1846232414245605
2473,3.1846232414245605
2474,3.1846232414245605
2475,3.1846232414245605
2476,3.1846232414245605
2477,3.1846232414245605
2478,3.1846232414245605
2479,3.1846232414245605
2480,3.1846232414245605
2481,3.1846232414245605
2482,3.1846232414245605
2483,3.1846232414245605
2484,3.1846232414245605
2485,3.1846232414245605
2486,2.589529514312744
2487,3.1846232414245605
2488,3.1846232414245605
2489,3.1846232414245605
2490,3.1846232414245605
2491,3.1846232414245605
2492,3.1846232414245605
2493,3.19155216217041
2494,3.1846232414245605
2495,3.1846232414245605
2496,3.1846232414245605
2497,3.1846232414245605
2498,3.1846232414245605
2499,3.325822353363037
2500,3.1846232414245605
2501,3.1846232414245605
2502,3.1846232414245605
2503,3.1846232414245605
2504,3.1846232414245605
2505,3.1846232414245605
2506,3.1846232414245605
2507,3.1846232414245605
2508,2.589529514312744
2509,3.1846232414245605
2510,3.1846232414245605
2511,3.1846232414245605
2512,3.1846232414245605
2513,3.1846232414245605
2514,3.1846232414245605
2515,3.1846232414245605
2516,3.1846232414245605
2517,3.1846232414245605
2518,3.1846232414245605
2519,3.1846232414245605
2520,3.1846232414245605
2521,3.1846232414245605
2522,3.1846232414245605
2523,2.819483757019043
2524,3.1846232414245605
2525,3.1846232414245605
2526,3.1846232414245605
2527,3.1846232414245605
2528,3.1846232414245605
2529,2.819483757019043
2530,2.819483757019043
2531,3.1846232414245605
2532,2.819483757019043
2533,2.819483757019043
2534,2.819483757019043
2535,3.1846232414245605
2536,2.819483757019043
2537,3.1846232414245605
2538,3.1846232414245605
2539,3.1846232414245605
2540,3.1846232414245605
2541,3.1846232414245605
2542,3.1846232414245605
2543,3.1846232414245605
2544,3.1846232414245605
2545,3.1846232414245605
2546,3.1846232414245605
2547,3.1846232414245605
2548,3.1846232414245605
2549,3.1846232414245605
2550,3.1846232414245605
2551,3.1846232414245605
2552,3.19155216217041
2553,3.2264089584350586
2554,3.1846232414245605
2555,3.19155216217041
2556,3.1846232414245605
2557,3.1846232414245605
2558,3.1846232414245605
2559,2.589529514312744
2560,3.200404644012451
2561,3.1846232414245605
2562,3.1846232414245605
2563,3.1846232414245605
2564,3.1846232414245605
2565,2.589529514312744
2566,3.1846232414245605
2567,3.1846232414245605
2568,3.1846232414245605
2569,2.589529514312744
2570,2.819483757019043
2571,2.589529514312744
